source_table,source_id,source_group_id,source_origin,source_year,source_file,source_row,time_basis,input_issue,source_start_utc,source_end_utc,source_auto_eligible,tornado_id,spc_start_utc,spc_end_utc,interval_gap_minutes,interval_outside_minutes,start_delta_minutes,geometry_gap_km,source_extent_distance_km,plausible,evidence_score,confidence,evidence_tier,candidate_rank,candidate_count,plausible_candidate_count,accepted,match_status,decision_reason,spc_ef_rating_diagnostic,ncei_ef_rating_diagnostic
storm_events,1222522,ncei-episode:197605,NCEI,2024,ncei_storm_events/tornado/2024_details.csv,1525,ncei_fixed_offset,none,2024-12-29 06:30:00+00:00,2024-12-29 06:33:00+00:00,True,spc:2024:2412290030-01,2024-12-29 06:30:00+00:00,2024-12-29 06:33:00+00:00,0.0,0.0,0.0,0.0,0.0,True,0.0,high,strong,1,2,1,True,accepted,unique_time_and_geometry_match,1,1
storm_events,1224840,ncei-episode:196824,NCEI,2024,ncei_storm_events/tornado/2024_details.csv,1703,ncei_fixed_offset,none,2024-11-03 04:24:00+00:00,2024-11-03 04:24:00+00:00,True,spc:2024:2411022224-01,2024-11-03 04:24:00+00:00,2024-11-03 04:24:00+00:00,0.0,0.0,0.0,0.0,0.0,True,0.0,high,strong,1,2,1,True,accepted,unique_time_and_geometry_match,,
storm_events,232785,ncei-episode:39998,NCEI,2010,ncei_storm_events/tornado/2010_details.csv,1343,ncei_fixed_offset,none,2010-06-12 01:10:00+00:00,2010-06-12 01:10:00+00:00,True,spc:2010:1006111910-01,2010-06-12 01:10:00+00:00,2010-06-12 01:10:00+00:00,0.0,0.0,0.0,0.0,0.0,True,0.0,high,strong,1,1,1,True,accepted,unique_time_and_geometry_match,0,0
storm_events,296616,ncei-episode:49972,NCEI,2011,ncei_storm_events/tornado/2011_details.csv,798,ncei_fixed_offset,none,2011-05-22 22:34:00+00:00,2011-05-22 22:40:00+00:00,True,spc:2011:1105221634-01,2011-05-22 22:34:00+00:00,2011-05-22 23:20:00+00:00,0.0,0.0,0.0,0.0,0.846467598914108,True,0.16929351978282162,high,strong,1,1,1,True,accepted,unique_time_and_geometry_match,5,2
storm_events,380676,ncei-episode:63499,NCEI,2012,ncei_storm_events/tornado/2012_details.csv,107,ncei_fixed_offset,none,2012-04-14 20:28:00+00:00,2012-04-14 20:44:00+00:00,True,spc:2012:1204141428-01,2012-04-14 20:28:00+00:00,2012-04-14 20:44:00+00:00,0.0,0.0,0.0,0.0,0.0,True,0.0,high,strong,1,1,1,True,accepted,unique_time_and_geometry_match,1,1
storm_events,432157,ncei-episode:71757,NCEI,2013,ncei_storm_events/tornado/2013_details.csv,235,ncei_fixed_offset,none,2013-03-24 21:40:00+00:00,2013-03-24 21:41:00+00:00,True,spc:2013:1303241540-01,2013-03-24 21:40:00+00:00,2013-03-24 21:41:00+00:00,0.0,0.0,0.0,0.0,0.0,True,0.0,high,strong,1,1,1,True,accepted,unique_time_and_geometry_match,1,1
storm_events,1108016,ncei-episode:181814,NCEI,2023,ncei_storm_events/tornado/2023_details.csv,1399,ncei_fixed_offset,none,2023-06-21 22:46:00+00:00,2023-06-21 22:47:00+00:00,True,spc:2023:2306211640-01,2023-06-21 22:40:00+00:00,2023-06-21 22:41:00+00:00,5.0,6.0,6.0,1.5188162016960278,2.6475713929870954,True,1.129514278597419,none,borderline,13,29,17,False,ambiguous,multiple_plausible_tracks,,
storm_events,231995,ncei-episode:39859,NCEI,2010,ncei_storm_events/tornado/2010_details.csv,706,ncei_fixed_offset,none,2010-05-11 00:15:00+00:00,2010-05-11 00:16:00+00:00,True,spc:2010:1005101815-01,2010-05-11 00:15:00+00:00,2010-05-11 00:16:00+00:00,0.0,0.0,0.0,0.0,0.0,True,0.0,none,strong,1,3,2,False,ambiguous,multiple_plausible_tracks,0,0
storm_events,565137,ncei-episode:93333,NCEI,2015,ncei_storm_events/tornado/2015_details.csv,462,ncei_fixed_offset,none,2015-02-05 12:37:00+00:00,2015-02-05 12:38:00+00:00,True,spc:2015:1502050636-01,2015-02-05 12:36:00+00:00,2015-02-05 12:37:00+00:00,0.0,1.0,1.0,0.5622001658946324,2.332118281140408,True,0.5664236562280817,none,borderline,2,2,2,False,ambiguous,multiple_plausible_tracks,1,0
storm_events,586576,ncei-episode:96996,NCEI,2015,ncei_storm_events/tornado/2015_details.csv,631,ncei_fixed_offset,none,2015-05-07 21:01:00+00:00,2015-05-07 21:05:00+00:00,True,spc:2015:1505071500-01,2015-05-07 21:00:00+00:00,2015-05-07 21:05:00+00:00,0.0,0.0,1.0,4.046340236305997,4.3518800353449,True,0.87037600706898,none,borderline,4,5,4,False,ambiguous,multiple_plausible_tracks,0,0
storm_events,857478,ncei-episode:142910,NCEI,2019,ncei_storm_events/tornado/2019_details.csv,855,ncei_fixed_offset,none,2019-09-11 04:28:00+00:00,2019-09-11 04:29:00+00:00,True,spc:2019:1909102224-02,2019-09-11 04:24:00+00:00,2019-09-11 04:25:00+00:00,3.0,4.0,4.0,2.8861237918216256,3.959199644407585,True,1.191839928881517,none,borderline,3,3,3,False,ambiguous,multiple_plausible_tracks,2,2
storm_events,1244193,ncei-episode:200692,NCEI,2025,ncei_storm_events/tornado/2025_details.csv,781,ncei_fixed_offset,none,2025-04-07 15:02:00+00:00,2025-04-07 15:10:00+00:00,True,spc:2025:2504070927-01,2025-04-07 15:27:00+00:00,2025-04-07 15:30:00+00:00,17.0,25.0,25.0,19.05905966850121,25.731459918311206,False,7.646291983662241,none,weak,2,2,1,False,outside_acceptance,outside_time_or_extent_threshold,1,1
storm_events,1281999,ncei-episode:205435,NCEI,2025,ncei_storm_events/tornado/2025_details.csv,1222,ncei_fixed_offset,none,2025-07-11 21:32:00+00:00,2025-07-11 21:35:00+00:00,True,spc:2025:2507111520-01,2025-07-11 21:20:00+00:00,2025-07-11 21:30:00+00:00,2.0,5.0,12.0,9.22441954575094,12.834208521845488,False,3.0668417043690974,none,weak,2,3,1,False,outside_acceptance,outside_time_or_extent_threshold,1,0
storm_events,275087,ncei-episode:45932,NCEI,2010,ncei_storm_events/tornado/2010_details.csv,261,ncei_fixed_offset,none,2010-12-31 17:27:00+00:00,2010-12-31 17:29:00+00:00,True,spc:2010:1012311119-01,2010-12-31 17:19:00+00:00,2010-12-31 17:35:00+00:00,0.0,0.0,8.0,8.711913896254307,9.045420280085084,False,1.8090840560170167,none,weak,2,2,1,False,outside_acceptance,outside_time_or_extent_threshold,2,0
storm_events,309725,ncei-episode:51541,NCEI,2011,ncei_storm_events/tornado/2011_details.csv,2064,ncei_fixed_offset,none,2011-04-27 07:43:00+00:00,2011-04-27 07:54:00+00:00,True,spc:2011:1104270129-02,2011-04-27 07:29:00+00:00,2011-04-27 08:26:00+00:00,0.0,0.0,14.0,2.0537978416853737,5.657738479004135,False,1.131547695800827,none,weak,1,3,1,False,outside_acceptance,outside_time_or_extent_threshold,3,3
storm_events,309725,ncei-episode:51541,NCEI,2011,ncei_storm_events/tornado/2011_details.csv,2064,ncei_fixed_offset,none,2011-04-27 07:43:00+00:00,2011-04-27 07:54:00+00:00,True,spc:2011:1104270125-01,2011-04-27 07:25:00+00:00,2011-04-27 07:33:00+00:00,10.0,21.0,18.0,18.748393209527155,36.08032315092424,False,9.316064630184847,none,weak,3,3,1,False,outside_acceptance,outside_time_or_extent_threshold,2,3
storm_events,703492,ncei-episode:116144,NCEI,2017,ncei_storm_events/tornado/2017_details.csv,521,ncei_fixed_offset,none,2017-05-19 03:30:00+00:00,2017-05-19 03:36:00+00:00,True,spc:2017:1705182145-01,2017-05-19 03:45:00+00:00,2017-05-19 03:59:00+00:00,9.0,15.0,15.0,19.500890902811168,25.41671441417406,False,6.5833428828348115,none,weak,5,5,1,False,outside_acceptance,outside_time_or_extent_threshold,1,1
storm_events,782584,ncei-episode:130657,NCEI,2018,ncei_storm_events/tornado/2018_details.csv,1131,ncei_fixed_offset,none,2018-08-28 21:12:00+00:00,2018-08-28 21:16:00+00:00,True,spc:2018:1808281500-01,2018-08-28 21:00:00+00:00,2018-08-28 21:02:00+00:00,10.0,14.0,12.0,19.107421448044157,22.299602738040697,False,5.859920547608139,none,weak,9,10,4,False,outside_acceptance,outside_time_or_extent_threshold,0,1
storm_events,1222016,ncei-episode:196832,NCEI,2024,ncei_storm_events/tornado/2024_details.csv,1672,ncei_fixed_offset,none,2024-11-18 09:48:00+00:00,2024-11-18 09:51:00+00:00,True,spc:2024:2411180348-01,2024-11-18 09:48:00+00:00,2024-11-18 09:51:00+00:00,0.0,0.0,0.0,0.0,3.0829698143844073,True,0.6165939628768815,none,borderline,1,3,1,False,review_required,borderline_time_or_geometry,,
storm_events,1233318,ncei-episode:199315,NCEI,2025,ncei_storm_events/tornado/2025_details.csv,375,ncei_fixed_offset,none,2025-03-15 20:08:00+00:00,2025-03-15 20:26:00+00:00,True,spc:2025:2503151408-01,2025-03-15 20:08:00+00:00,2025-03-15 20:43:00+00:00,0.0,0.0,0.0,0.0,3.461818717214462,True,0.6923637434428924,none,borderline,1,2,1,False,review_required,borderline_time_or_geometry,1,1
storm_events,1297797,ncei-episode:208270,NCEI,2025,ncei_storm_events/tornado/2025_details.csv,1422,ncei_fixed_offset,none,2025-10-26 10:38:00+00:00,2025-10-26 10:56:00+00:00,True,spc:2025:2510260448-01,2025-10-26 10:48:00+00:00,2025-10-26 10:56:00+00:00,0.0,10.0,10.0,0.0,0.0,True,1.0,none,borderline,1,1,1,False,review_required,borderline_time_or_geometry,1,1
storm_events,289606,ncei-episode:49419,NCEI,2011,ncei_storm_events/tornado/2011_details.csv,720,ncei_fixed_offset,none,2011-04-26 00:01:00+00:00,2011-04-26 00:02:00+00:00,True,spc:2011:1104251748-02,2011-04-25 23:48:00+00:00,2011-04-26 00:59:00+00:00,0.0,0.0,13.0,2.980004297485708,3.172460079151731,True,0.6344920158303462,none,borderline,1,2,1,False,review_required,borderline_time_or_geometry,2,1
storm_events,300747,ncei-episode:49915,NCEI,2011,ncei_storm_events/tornado/2011_details.csv,1994,ncei_fixed_offset,none,2011-04-27 19:07:00+00:00,2011-04-27 19:18:00+00:00,True,spc:2011:1104271302-01,2011-04-27 19:02:00+00:00,2011-04-27 19:18:00+00:00,0.0,0.0,5.0,0.0,3.6537135409813297,True,0.730742708196266,none,borderline,1,3,1,False,review_required,borderline_time_or_geometry,1,1
storm_events,309725,ncei-episode:51541,NCEI,2011,ncei_storm_events/tornado/2011_details.csv,2064,ncei_fixed_offset,none,2011-04-27 07:43:00+00:00,2011-04-27 07:54:00+00:00,True,spc:2011:1104270137-01,2011-04-27 07:37:00+00:00,2011-04-27 07:49:00+00:00,0.0,5.0,6.0,1.419699128004574,4.249443867377809,True,1.3498887734755618,none,borderline,2,3,1,False,review_required,borderline_time_or_geometry,2,3
storm_events,313004,ncei-episode:51969,NCEI,2011,ncei_storm_events/tornado/2011_details.csv,1122,ncei_fixed_offset,none,2011-05-25 04:57:00+00:00,2011-05-25 05:06:00+00:00,True,spc:2011:1105242253-01,2011-05-25 04:53:00+00:00,2011-05-25 05:50:00+00:00,0.0,0.0,4.0,0.7843038794163756,2.286940096143871,True,0.4573880192287742,none,borderline,1,1,1,False,review_required,borderline_time_or_geometry,4,4
storm_events,1101441,ncei-episode:180868,NCEI,2023,ncei_storm_events/tornado/2023_details.csv,458,ncei_fixed_offset,none,2023-05-23 00:21:00+00:00,2023-05-23 00:31:00+00:00,True,,,,,,,,,False,,none,none,,0,0,False,unmatched,no_candidate_within_search_window,,
storm_events,1252497,ncei-episode:201366,NCEI,2025,ncei_storm_events/tornado/2025_details.csv,180,ncei_fixed_offset,none,2025-03-31 06:13:00+00:00,2025-03-31 06:18:00+00:00,True,,,,,,,,,False,,none,none,,0,0,False,unmatched,no_candidate_within_search_window,,0
storm_events,893086,ncei-episode:147540,NCEI,2020,ncei_storm_events/tornado/2020_details.csv,515,ncei_fixed_offset,none,2020-04-13 06:49:00+00:00,2020-04-13 06:50:00+00:00,True,,,,,,,,,False,,none,none,,0,0,False,unmatched,no_candidate_within_search_window,,0
storm_events,986122,ncei-episode:163341,NCEI,2021,ncei_storm_events/tornado/2021_details.csv,1098,ncei_fixed_offset,invalid_time_or_coordinates,2021-10-21 22:15:00+00:00,2021-10-21 22:17:00+00:00,False,,,,,,,,,False,,none,none,,0,0,False,unmatched,invalid_time_or_coordinates,,1
storm_events,986136,ncei-episode:163341,NCEI,2021,ncei_storm_events/tornado/2021_details.csv,1103,ncei_fixed_offset,invalid_time_or_coordinates,2021-10-21 21:21:00+00:00,2021-10-21 21:22:00+00:00,False,,,,,,,,,False,,none,none,,0,0,False,unmatched,invalid_time_or_coordinates,,0
tornado_footprints,efc:2015:DAT:224456,efc-family:efc:2015:DAT:224456,DAT,2015,event_footprints/2015_tornado_footprint.geojson,652,efc_polygon_interval,none,2015-08-07 00:00:00+00:00,2015-08-07 00:07:00+00:00,True,spc:2015:1508061800-01,2015-08-07 00:00:00+00:00,2015-08-07 00:07:00+00:00,0.0,0.0,0.0,0.0,0.09562532888371152,True,0.019125065776742303,high,strong,1,2,1,True,accepted,unique_time_and_geometry_match,0,
tornado_footprints,efc:2017:DAT:480199,efc-family:efc:2017:DAT:480199,DAT,2017,event_footprints/2017_tornado_footprint.geojson,1071,efc_polygon_interval,none,2017-04-05 21:44:00+00:00,2017-04-05 21:45:00+00:00,True,spc:2017:1704051544-01,2017-04-05 21:44:00+00:00,2017-04-05 21:45:00+00:00,0.0,0.0,0.0,0.0007438101714738148,0.40688831418025967,True,0.08137766283605194,high,strong,1,1,1,True,accepted,unique_time_and_geometry_match,0,
tornado_footprints,efc:2020:DAT:954976,efc-family:efc:2020:DAT:954976,DAT,2020,event_footprints/2020_tornado_footprint.geojson,1154,efc_line_interval,none,2020-05-27 00:25:00+00:00,2020-05-27 00:28:00+00:00,True,spc:2020:2005261825-01,2020-05-27 00:25:00+00:00,2020-05-27 00:28:00+00:00,0.0,0.0,0.0,0.0,0.028614833744022617,True,0.005722966748804523,high,strong,1,1,1,True,accepted,unique_time_and_geometry_match,0,
tornado_footprints,efc:2023:DAT:1703886,efc-family:efc:2023:DAT:1703886,DAT,2023,event_footprints/2023_tornado_footprint.geojson,386,efc_polygon_interval,none,2023-02-16 21:57:00+00:00,2023-02-16 22:03:00+00:00,True,spc:2023:2302161557-01,2023-02-16 21:57:00+00:00,2023-02-16 22:03:00+00:00,0.0,0.0,0.0,0.0,0.6066630865386607,True,0.12133261730773215,high,strong,1,2,1,True,accepted,unique_time_and_geometry_match,0,
tornado_footprints,efc:2023:DAT:1879601,efc-family:efc:2023:DAT:1879601,DAT,2023,event_footprints/2023_tornado_footprint.geojson,663,efc_polygon_interval,none,2023-07-01 23:30:00+00:00,2023-07-02 00:01:00+00:00,True,spc:2023:2307011730-01,2023-07-01 23:30:00+00:00,2023-07-02 00:01:00+00:00,0.0,0.0,0.0,0.0,1.7863605850921165,True,0.3572721170184233,high,strong,1,1,1,True,accepted,unique_time_and_geometry_match,1,
tornado_footprints,efc:2015:DAT:198025,efc-family:efc:2015:DAT:198025,DAT,2015,event_footprints/2015_tornado_footprint.geojson,709,efc_polygon_interval,none,2015-06-04 03:28:00+00:00,2015-06-04 03:31:00+00:00,True,spc:2015:1506032128-01,2015-06-04 03:28:00+00:00,2015-06-04 03:31:00+00:00,0.0,0.0,0.0,0.0,0.018644564024388483,True,0.0037289128048776966,none,strong,1,3,2,False,ambiguous,multiple_plausible_tracks,0,
tornado_footprints,efc:2016:DAT:427224,efc-family:efc:2016:DAT:427222,DAT,2016,event_footprints/2016_tornado_footprint.geojson,806,efc_stormdate_only,stormdate_only,2016-07-11 22:53:00+00:00,2016-07-11 22:53:00+00:00,False,spc:2016:1607111658-01,2016-07-11 22:58:00+00:00,2016-07-11 23:04:00+00:00,5.0,5.0,5.0,2.0538048090775325,2.7414192793238508,True,1.0482838558647702,none,borderline,2,3,2,False,ambiguous,multiple_plausible_tracks,1,
tornado_footprints,efc:2017:DAT:484456,efc-family:efc:2017:DAT:484456,DAT,2017,event_footprints/2017_tornado_footprint.geojson,1224,efc_line_interval,none,2017-01-21 16:22:00+00:00,2017-01-21 16:29:00+00:00,True,spc:2017:1701211022-01,2017-01-21 16:22:00+00:00,2017-01-21 16:29:00+00:00,0.0,0.0,0.0,0.014289741730937973,0.7962859213476602,True,0.15925718426953203,none,strong,1,6,3,False,ambiguous,multiple_plausible_tracks,2,
tornado_footprints,efc:2021:DAT:1084283,efc-family:efc:2021:DAT:1084283,DAT,2021,event_footprints/2021_tornado_footprint.geojson,607,efc_polygon_interval,none,2021-05-20 00:39:00+00:00,2021-05-20 00:40:00+00:00,True,spc:2021:2105191842-02,2021-05-20 00:42:00+00:00,2021-05-20 00:47:00+00:00,2.0,3.0,3.0,2.9100710829880043,3.1897649847821414,True,0.9379529969564282,none,borderline,3,3,3,False,ambiguous,multiple_plausible_tracks,0,
tornado_footprints,efc:2022:DAT:1506290,efc-family:efc:2022:DAT:1506290,DAT,2022,event_footprints/2022_tornado_footprint.geojson,374,efc_polygon_interval,none,2022-05-19 22:03:00+00:00,2022-05-19 22:04:00+00:00,True,spc:2022:2205191603-01,2022-05-19 22:03:00+00:00,2022-05-19 22:04:00+00:00,0.0,0.0,0.0,0.0,0.06280526019004538,True,0.012561052038009076,none,strong,1,4,2,False,ambiguous,multiple_plausible_tracks,0,
tornado_footprints,efc:2014:DAT:309936,efc-family:efc:2014:DAT:309936,DAT,2014,event_footprints/2014_tornado_footprint.geojson,771,efc_line_interval,none,2014-09-01 02:06:00+00:00,2014-09-01 02:07:00+00:00,True,spc:2014:1408312011-01,2014-09-01 02:11:00+00:00,2014-09-01 02:13:00+00:00,4.0,5.0,5.0,6.6386211115176135,8.224548506822389,False,2.144909701364478,none,weak,3,6,2,False,outside_acceptance,outside_time_or_extent_threshold,0,
tornado_footprints,efc:2019:DAT:855781,efc-family:efc:2019:DAT:855781,DAT,2019,event_footprints/2019_tornado_footprint.geojson,1629,efc_line_interval,none,2019-06-23 22:07:00+00:00,2019-06-23 22:08:00+00:00,True,spc:2019:1906231602-01,2019-06-23 22:02:00+00:00,2019-06-23 22:03:00+00:00,4.0,5.0,5.0,5.646681062620229,7.000946244423557,False,1.9001892488847114,none,weak,2,2,1,False,outside_acceptance,outside_time_or_extent_threshold,1,
tornado_footprints,efc:2019:DAT:879774,efc-family:efc:2019:DAT:879774,DAT,2019,event_footprints/2019_tornado_footprint.geojson,1724,efc_stormdate_only,stormdate_only,2019-10-31 21:58:00+00:00,2019-10-31 21:58:00+00:00,False,spc:2019:1910311609-01,2019-10-31 22:09:00+00:00,2019-10-31 22:10:00+00:00,11.0,11.0,11.0,12.281566767121884,14.146636732743763,False,3.9293273465487526,none,weak,3,3,1,False,outside_acceptance,outside_time_or_extent_threshold,0,
tornado_footprints,efc:2023:DAT:1452180,efc-family:efc:2023:DAT:1452180,DAT,2023,event_footprints/2023_tornado_footprint.geojson,1331,efc_line_interval,none,2023-02-27 03:13:00+00:00,2023-02-27 03:38:00+00:00,True,spc:2023:2302262142-01,2023-02-27 03:42:00+00:00,2023-02-27 03:48:00+00:00,4.0,29.0,29.0,4.578333316788925,46.215671802118536,False,12.143134360423707,none,weak,2,2,1,False,outside_acceptance,outside_time_or_extent_threshold,1,
tornado_footprints,efc:2024:DAT:1691391,efc-family:efc:2024:DAT:1673408,DAT,2024,event_footprints/2024_tornado_footprint.geojson,1487,efc_line_interval,none,2024-01-09 10:29:00+00:00,2024-01-09 10:33:00+00:00,True,spc:2024:2401090448-01,2024-01-09 10:48:00+00:00,2024-01-09 10:55:00+00:00,15.0,19.0,19.0,16.329902447595554,16.55160136581908,False,5.210320273163816,none,weak,2,2,1,False,outside_acceptance,outside_time_or_extent_threshold,1,
tornado_footprints,efc:2013:DAT:47712,efc-family:efc:2013:DAT:101724,DAT,2013,event_footprints/2013_tornado_footprint.geojson,919,efc_stormdate_only,stormdate_only,2013-05-20 19:56:00+00:00,2013-05-20 19:56:00+00:00,False,spc:2013:1305201356-01,2013-05-20 19:56:00+00:00,2013-05-20 20:35:00+00:00,0.0,0.0,0.0,0.8610152417257549,1.0754584861410725,True,0.2150916972282145,none,strong,1,1,1,False,review_required,stormdate_only,5,
tornado_footprints,efc:2015:DAT:225030,efc-family:efc:2015:DAT:225030,DAT,2015,event_footprints/2015_tornado_footprint.geojson,1410,efc_stormdate_only,stormdate_only,2015-03-25 23:33:00+00:00,2015-03-25 23:33:00+00:00,False,spc:2015:1503251734-01,2015-03-25 23:34:00+00:00,2015-03-25 23:50:00+00:00,1.0,1.0,1.0,1.3303892946679063,1.4114542297812283,True,0.38229084595624563,none,strong,1,2,1,False,review_required,stormdate_only,2,
tornado_footprints,efc:2018:DAT:735368,efc-family:efc:2018:DAT:735368,DAT,2018,event_footprints/2018_tornado_footprint.geojson,988,efc_stormdate_only,stormdate_only,2018-08-19 20:45:00+00:00,2018-08-19 20:45:00+00:00,False,spc:2018:1808191445-01,2018-08-19 20:45:00+00:00,2018-08-19 20:58:00+00:00,0.0,0.0,0.0,0.0,0.14673048557299376,True,0.029346097114598752,none,strong,1,2,1,False,review_required,stormdate_only,1,
tornado_footprints,efc:2018:DAT:769368,efc-family:efc:2018:DAT:769368,DAT,2018,event_footprints/2018_tornado_footprint.geojson,912,efc_stormdate_only,stormdate_only,2018-09-21 00:09:00+00:00,2018-09-21 00:09:00+00:00,False,spc:2018:1809201809-01,2018-09-21 00:09:00+00:00,2018-09-21 00:14:00+00:00,0.0,0.0,0.0,0.0,0.34367128632914357,True,0.06873425726582871,none,strong,1,2,1,False,review_required,stormdate_only,0,
tornado_footprints,efc:2019:DAT:840977,efc-family:efc:2019:DAT:840977,DAT,2019,event_footprints/2019_tornado_footprint.geojson,1592,efc_stormdate_only,stormdate_only,2019-05-18 16:58:00+00:00,2019-05-18 16:58:00+00:00,False,spc:2019:1905181058-01,2019-05-18 16:58:00+00:00,2019-05-18 17:11:00+00:00,0.0,0.0,0.0,0.0,0.7734371914041831,True,0.15468743828083661,none,strong,1,1,1,False,review_required,stormdate_only,1,
tornado_footprints,efc:2022:DAT:1381781,efc-family:efc:2022:DAT:1379387,DAT,2022,event_footprints/2022_tornado_footprint.geojson,1498,efc_line_interval,conflicting_times,2022-12-14 21:49:00+00:00,2022-12-14 22:06:00+00:00,False,spc:2022:2212141549-01,2022-12-14 21:49:00+00:00,2022-12-14 22:06:00+00:00,0.0,0.0,0.0,0.1585151890126027,0.223698322712454,True,0.0447396645424908,none,strong,1,1,1,False,review_required,conflicting_times,2,
tornado_footprints,efc:2014:DAT:217826,efc-family:efc:2014:DAT:217826,DAT,2014,event_footprints/2014_tornado_footprint.geojson,1049,efc_stormdate_only,stormdate_only,2014-11-23 15:25:00+00:00,2014-11-23 15:25:00+00:00,False,,,,,,,,,False,,none,none,,0,0,False,unmatched,stormdate_only,,
tornado_footprints,efc:2017:DAT:498071,efc-family:efc:2017:DAT:498070,DAT,2017,event_footprints/2017_tornado_footprint.geojson,1356,efc_stormdate_only,stormdate_only,2017-02-20 00:00:00+00:00,2017-02-20 00:00:00+00:00,False,,,,,,,,,False,,none,none,,0,0,False,unmatched,stormdate_only,,
tornado_footprints,efc:2019:DAT:862974,efc-family:efc:2019:DAT:862974,DAT,2019,event_footprints/2019_tornado_footprint.geojson,1140,efc_stormdate_only,stormdate_only,2019-06-16 20:16:00+00:00,2019-06-16 20:16:00+00:00,False,,,,,,,,,False,,none,none,,0,0,False,unmatched,stormdate_only,,
tornado_footprints,efc:2019:DAT:876183,efc-family:efc:2019:DAT:876182,DAT,2019,event_footprints/2019_tornado_footprint.geojson,1639,efc_stormdate_only,stormdate_only,2019-06-19 15:47:00+00:00,2019-06-19 15:47:00+00:00,False,,,,,,,,,False,,none,none,,0,0,False,unmatched,stormdate_only,,
tornado_footprints,efc:2022:DAT:1191792,efc-family:efc:2022:DAT:1191792,DAT,2022,event_footprints/2022_tornado_footprint.geojson,977,efc_stormdate_only,stormdate_only,2022-03-22 02:41:00+00:00,2022-03-22 02:41:00+00:00,False,,,,,,,,,False,,none,none,,0,0,False,unmatched,stormdate_only,,
tornado_footprints,efc:2011:SED:20110172,efc-family:efc:2011:SED:20110172,SED,2011,event_footprints/2011_tornado_footprint.geojson,129,efc_polygon_interval,none,2011-11-07 21:52:00+00:00,2011-11-07 21:52:00+00:00,True,spc:2011:1111071552-01,2011-11-07 21:52:00+00:00,2011-11-07 22:18:00+00:00,0.0,0.0,0.0,0.0,0.10534776621835537,True,0.021069553243671074,high,strong,1,3,1,True,accepted,unique_time_and_geometry_match,0,
tornado_footprints,efc:2011:SED:20110797,efc-family:efc:2011:SED:20110797,SED,2011,event_footprints/2011_tornado_footprint.geojson,616,efc_polygon_interval,none,2011-05-22 22:34:00+00:00,2011-05-22 22:34:00+00:00,True,spc:2011:1105221634-01,2011-05-22 22:34:00+00:00,2011-05-22 23:20:00+00:00,0.0,0.0,0.0,0.0,0.9462106061873552,True,0.18924212123747103,high,strong,1,1,1,True,accepted,unique_time_and_geometry_match,5,
tornado_footprints,efc:2015:SED:20150184,efc-family:efc:2015:SED:20150184,SED,2015,event_footprints/2015_tornado_footprint.geojson,54,efc_polygon_interval,none,2015-04-09 01:15:00+00:00,2015-04-09 01:15:00+00:00,True,spc:2015:1504081915-01,2015-04-09 01:15:00+00:00,2015-04-09 01:16:00+00:00,0.0,0.0,0.0,0.0,0.018145683813497928,True,0.0036291367626995856,high,strong,1,2,1,True,accepted,unique_time_and_geometry_match,0,
tornado_footprints,efc:2019:SED:20190051,efc-family:efc:2019:SED:20190051,SED,2019,event_footprints/2019_tornado_footprint.geojson,11,efc_polygon_interval,none,2019-01-19 12:42:00+00:00,2019-01-19 12:42:00+00:00,True,spc:2019:1901190642-01,2019-01-19 12:42:00+00:00,2019-01-19 12:46:00+00:00,0.0,0.0,0.0,0.0,0.09608496330942884,True,0.019216992661885767,high,strong,1,1,1,True,accepted,unique_time_and_geometry_match,1,
tornado_footprints,efc:2019:SED:20190636,efc-family:efc:2019:SED:20190636,SED,2019,event_footprints/2019_tornado_footprint.geojson,169,efc_polygon_interval,none,2019-05-05 23:25:00+00:00,2019-05-05 23:25:00+00:00,True,spc:2019:1905051725-01,2019-05-05 23:25:00+00:00,2019-05-05 23:27:00+00:00,0.0,0.0,0.0,0.0,0.026841743472551687,True,0.0053683486945103375,high,strong,1,3,1,True,accepted,unique_time_and_geometry_match,1,
tornado_footprints,efc:2019:SED:20190904,efc-family:efc:2019:SED:20190904,SED,2019,event_footprints/2019_tornado_footprint.geojson,247,efc_polygon_interval,none,2019-08-23 22:22:00+00:00,2019-08-23 22:22:00+00:00,True,spc:2019:1908231622-01,2019-08-23 22:22:00+00:00,2019-08-23 22:25:00+00:00,0.0,0.0,0.0,0.0,0.010046681119260084,True,0.002009336223852017,high,strong,1,1,1,True,accepted,unique_time_and_geometry_match,0,
tornado_footprints,efc:2010:SED:20100876,efc-family:efc:2010:SED:20100876,SED,2010,event_footprints/2010_tornado_footprint.geojson,732,efc_polygon_interval,none,2010-06-06 01:51:00+00:00,2010-06-06 01:51:00+00:00,True,spc:2010:1006051951-01,2010-06-06 01:51:00+00:00,2010-06-06 01:53:00+00:00,0.0,0.0,0.0,0.0,0.0864006998108083,True,0.017280139962161663,none,strong,1,3,2,False,ambiguous,multiple_plausible_tracks,2,
tornado_footprints,efc:2010:SED:20101087,efc-family:efc:2010:SED:20101087,SED,2010,event_footprints/2010_tornado_footprint.geojson,910,efc_polygon_interval,none,2010-10-25 09:05:00+00:00,2010-10-25 09:05:00+00:00,True,spc:2010:1010250302-01,2010-10-25 09:02:00+00:00,2010-10-25 09:25:00+00:00,0.0,0.0,3.0,3.5708510021240563,3.7988955634161377,True,0.7597791126832275,none,borderline,2,3,2,False,ambiguous,multiple_plausible_tracks,2,
tornado_footprints,efc:2011:SED:20110217,efc-family:efc:2011:SED:20110217,SED,2011,event_footprints/2011_tornado_footprint.geojson,166,efc_polygon_interval,none,2011-11-16 22:30:00+00:00,2011-11-16 22:30:00+00:00,True,spc:2011:1111161630-01,2011-11-16 22:30:00+00:00,2011-11-16 22:32:00+00:00,0.0,0.0,0.0,0.0,0.03745565891773184,True,0.007491131783546367,none,strong,1,2,2,False,ambiguous,multiple_plausible_tracks,1,
tornado_footprints,efc:2012:SED:20120078,efc-family:efc:2012:SED:20120078,SED,2012,event_footprints/2012_tornado_footprint.geojson,63,efc_polygon_interval,none,2012-05-26 02:15:00+00:00,2012-05-26 02:15:00+00:00,True,spc:2012:1205252015-01,2012-05-26 02:15:00+00:00,2012-05-26 02:23:00+00:00,0.0,0.0,0.0,0.0,0.035662796073697475,True,0.007132559214739495,none,strong,1,7,3,False,ambiguous,multiple_plausible_tracks,0,
tornado_footprints,efc:2014:SED:20140574,efc-family:efc:2014:SED:20140574,SED,2014,event_footprints/2014_tornado_footprint.geojson,298,efc_polygon_interval,none,2014-04-13 22:58:00+00:00,2014-04-13 22:58:00+00:00,True,spc:2014:1404131658-01,2014-04-13 22:58:00+00:00,2014-04-13 22:59:00+00:00,0.0,0.0,0.0,0.0,0.018766356529604067,True,0.0037532713059208133,none,strong,1,2,2,False,ambiguous,multiple_plausible_tracks,0,
tornado_footprints,efc:2010:SED:20101271,efc-family:efc:2010:SED:20101271,SED,2010,event_footprints/2010_tornado_footprint.geojson,1061,efc_polygon_interval,none,2010-07-24 21:25:00+00:00,2010-07-24 21:25:00+00:00,True,spc:2010:1007241549-01,2010-07-24 21:49:00+00:00,2010-07-24 21:58:00+00:00,24.0,24.0,24.0,19.62252123142782,31.568856208275047,False,8.71377124165501,none,weak,2,2,1,False,outside_acceptance,outside_time_or_extent_threshold,1,
tornado_footprints,efc:2012:SED:20120390,efc-family:efc:2012:SED:20120390,SED,2012,event_footprints/2012_tornado_footprint.geojson,330,efc_polygon_interval,none,2012-05-11 03:52:00+00:00,2012-05-11 03:52:00+00:00,True,spc:2012:1205102130-01,2012-05-11 03:30:00+00:00,2012-05-11 03:39:00+00:00,13.0,13.0,22.0,14.136526347710783,17.061765483604045,False,4.712353096720809,none,weak,2,2,1,False,outside_acceptance,outside_time_or_extent_threshold,1,
tornado_footprints,efc:2014:SED:20140909,efc-family:efc:2014:SED:20140909,SED,2014,event_footprints/2014_tornado_footprint.geojson,465,efc_polygon_interval,none,2014-06-23 00:22:00+00:00,2014-06-23 00:22:00+00:00,True,spc:2014:1406221757-01,2014-06-22 23:57:00+00:00,2014-06-23 00:03:00+00:00,19.0,19.0,25.0,10.707417801671461,12.00738609716386,False,4.301477219432772,none,weak,2,2,1,False,outside_acceptance,outside_time_or_extent_threshold,0,
tornado_footprints,efc:2015:SED:20150302,efc-family:efc:2015:SED:20150302,SED,2015,event_footprints/2015_tornado_footprint.geojson,107,efc_polygon_interval,none,2015-05-20 02:39:00+00:00,2015-05-20 02:39:00+00:00,True,spc:2015:1505192018-01,2015-05-20 02:18:00+00:00,2015-05-20 02:28:00+00:00,11.0,11.0,21.0,1.3719697295693865,2.8345931219260527,False,1.6669186243852105,none,weak,3,4,2,False,outside_acceptance,outside_time_or_extent_threshold,0,
tornado_footprints,efc:2019:SED:20190269,efc-family:efc:2019:SED:20190269,SED,2019,event_footprints/2019_tornado_footprint.geojson,55,efc_polygon_interval,none,2019-05-01 03:02:00+00:00,2019-05-01 03:02:00+00:00,True,spc:2019:1904302106-01,2019-05-01 03:06:00+00:00,2019-05-01 03:13:00+00:00,4.0,4.0,4.0,6.327484288869581,6.957044085020892,False,1.7914088170041786,none,weak,2,2,1,False,outside_acceptance,outside_time_or_extent_threshold,0,
tornado_footprints,efc:2010:SED:20100401,efc-family:efc:2010:SED:20100401,SED,2010,event_footprints/2010_tornado_footprint.geojson,340,efc_polygon_interval,none,2010-05-01 02:32:00+00:00,2010-05-01 02:32:00+00:00,True,spc:2010:1004301935-01,2010-05-01 01:35:00+00:00,2010-05-01 02:40:00+00:00,0.0,0.0,57.0,0.0,2.7461443338853107,True,0.5492288667770622,none,borderline,1,2,1,False,review_required,borderline_time_or_geometry,2,
tornado_footprints,efc:2011:SED:20110734,efc-family:efc:2011:SED:20110734,SED,2011,event_footprints/2011_tornado_footprint.geojson,564,efc_polygon_interval,none,2011-04-25 23:48:00+00:00,2011-04-25 23:48:00+00:00,True,spc:2011:1104251748-02,2011-04-25 23:48:00+00:00,2011-04-26 00:59:00+00:00,0.0,0.0,0.0,0.0,3.090524932385026,True,0.6181049864770052,none,borderline,1,3,1,False,review_required,borderline_time_or_geometry,2,
tornado_footprints,efc:2011:SED:20111582,efc-family:efc:2011:SED:20111582,SED,2011,event_footprints/2011_tornado_footprint.geojson,1188,efc_polygon_interval,none,2011-05-24 20:50:00+00:00,2011-05-24 20:50:00+00:00,True,spc:2011:1105241450-01,2011-05-24 20:50:00+00:00,2011-05-24 22:35:00+00:00,0.0,0.0,0.0,0.0,2.794341825189246,True,0.5588683650378492,none,borderline,1,3,1,False,review_required,borderline_time_or_geometry,5,
tornado_footprints,efc:2011:SED:20111706,efc-family:efc:2011:SED:20111706,SED,2011,event_footprints/2011_tornado_footprint.geojson,1276,efc_polygon_interval,none,2011-04-16 19:37:00+00:00,2011-04-16 19:37:00+00:00,True,spc:2011:1104161333-02,2011-04-16 19:33:00+00:00,2011-04-16 20:45:00+00:00,0.0,0.0,4.0,0.8146598251608775,2.647714584372784,True,0.5295429168745568,none,borderline,1,1,1,False,review_required,borderline_time_or_geometry,3,
tornado_footprints,efc:2011:SED:20111884,efc-family:efc:2011:SED:20111884,SED,2011,event_footprints/2011_tornado_footprint.geojson,1410,efc_polygon_interval,none,2011-05-24 22:06:00+00:00,2011-05-24 22:06:00+00:00,True,spc:2011:1105241606-01,2011-05-24 22:06:00+00:00,2011-05-24 23:02:00+00:00,0.0,0.0,0.0,0.0,3.9901659680586437,True,0.7980331936117288,none,borderline,1,3,1,False,review_required,borderline_time_or_geometry,4,
tornado_footprints,efc:2013:SED:20130749,efc-family:efc:2013:SED:20130749,SED,2013,event_footprints/2013_tornado_footprint.geojson,426,efc_polygon_interval,none,2013-06-06 21:07:00+00:00,2013-06-06 21:07:00+00:00,True,,,,,,,,,False,,none,none,,0,0,False,unmatched,no_candidate_within_search_window,,
tornado_footprints,efc:2020:SED:20200842,efc-family:efc:2020:SED:20200842,SED,2020,event_footprints/2020_tornado_footprint.geojson,182,efc_polygon_interval,none,2020-08-26 18:55:00+00:00,2020-08-26 18:55:00+00:00,True,,,,,,,,,False,,none,none,,0,0,False,unmatched,no_candidate_within_search_window,,
tornado_footprints,efc:2023:SED:20230607,efc-family:efc:2023:SED:20230607,SED,2023,event_footprints/2023_tornado_footprint.geojson,114,efc_polygon_interval,none,2023-06-23 20:40:00+00:00,2023-06-23 20:40:00+00:00,True,,,,,,,,,False,,none,none,,0,0,False,unmatched,no_candidate_within_search_window,,
tornado_footprints,efc:2025:SED:20250177,efc-family:efc:2025:SED:20250177,SED,2025,event_footprints/2025_tornado_footprint.geojson,8,efc_polygon_interval,none,2025-03-31 06:11:00+00:00,2025-03-31 06:11:00+00:00,True,,,,,,,,,False,,none,none,,0,0,False,unmatched,no_candidate_within_search_window,,
tornado_footprints,efc:2025:SED:20250195,efc-family:efc:2025:SED:20250037,SED,2025,event_footprints/2025_tornado_footprint.geojson,10,efc_polygon_interval,none,2025-01-06 03:13:00+00:00,2025-01-06 03:13:00+00:00,True,,,,,,,,,False,,none,none,,0,0,False,unmatched,no_candidate_within_search_window,,
